item,unit,unit_price,notes
Pressure-treated decking 5/4x6,sq ft,4.85,Ground contact rated
Composite decking (Trex-style),sq ft,9.20,25-year warranty
Deck framing labour,hour,68.00,Two-person crew rate per person
Stair stringer set (3-step),each,145.00,Includes treads and risers
Deck railing (aluminum),linear ft,42.00,Black powder coat
Cedar fence board 1x6x6,each,7.40,Western red cedar
Fence post 4x4x8 pressure-treated,each,16.90,Includes post cap
Post hole dig and set,each,38.00,Includes concrete
Gate hardware kit,each,54.00,Self-closing hinges and latch
Fence labour,linear ft,11.50,Standard 6 ft height
Interior paint (eggshell),gallon,52.00,Covers ~350 sq ft per gallon
Exterior paint (satin),gallon,64.00,Weather-resistant acrylic
Painting labour,sq ft,1.85,Walls and ceiling; two coats
Interior door (hollow core),each,89.00,Primed slab 30x80
Door handle (passage),each,32.00,Satin nickel
Door install labour,each,120.00,Includes hinge mortising
Drywall 1/2 inch 4x8 sheet,each,18.50,Standard
Drywall install and tape,sq ft,2.40,Level 4 finish
Baseboard 4 inch MDF,linear ft,3.10,Primed
Trim install labour,linear ft,4.25,Includes caulk and fill
